memory,query,answer
The human brain weighs about 3 pounds but consumes 20% of the body's oxygen and calories.,How much does the human brain weigh and what percentage of the body's oxygen and calories does it consume?,The human brain weighs about 3 pounds and consumes 20% of the body's oxygen and calories.
Studies show that learning a new language can improve cognitive skills and delay the onset of dementia.,What are the benefits of learning a new language?,Learning a new language can improve cognitive skills and delay the onset of dementia.
"Existentialism is a philosophical movement emphasizing individual existence, freedom, and responsibility.",What does existentialism emphasize?,"Existentialism emphasizes individual existence, freedom, and responsibility."
The average person spends approximately six months of their life waiting for red lights to turn green.,How much time does the average person spend waiting for red lights?,The average person spends approximately six months of their life waiting for red lights to turn green.
"Montessori education focuses on self-directed activity, hands-on learning, and collaborative play.",What are the key principles of Montessori education?,"Montessori education focuses on self-directed activity, hands-on learning, and collaborative play."
Stoicism teaches the development of self-control and fortitude as a means of overcoming destructive emotions.,What is the core teaching of Stoicism regarding emotions?,Stoicism teaches the development of self-control and fortitude as a means of overcoming destructive emotions.
"Honey never spoils due to its low water content and high acidity, making it an excellent natural preservative.",Why does honey never spoil?,Honey never spoils due to its low water content and high acidity.
The Socratic method of teaching uses a series of questions to challenge assumptions and guide students to their own conclusions.,How does the Socratic method facilitate learning?,The Socratic method uses a series of questions to challenge assumptions and guide students to their own conclusions.
Nihilism is the belief that life is meaningless and rejects all religious and moral principles.,What is the primary belief of Nihilism?,Nihilism is the belief that life is meaningless and rejects all religious and moral principles.
"A single cloud can weigh more than 1 million pounds, composed of tiny water droplets and ice crystals.",How much can a single cloud weigh and what is it made of?,"A single cloud can weigh more than 1 million pounds, composed of tiny water droplets and ice crystals."
"Experiential learning emphasizes learning through doing, allowing students to apply theoretical knowledge in practical scenarios.",What is the main focus of experiential learning?,"Experiential learning emphasizes learning through doing, allowing students to apply theoretical knowledge in practical scenarios."
Utilitarianism is an ethical theory that states the best action is the one that maximizes overall well-being or happiness.,What is the core principle of Utilitarianism?,Utilitarianism is an ethical theory that states the best action is the one that maximizes overall well-being or happiness.
The average person forgets 80% of what they learn within a day if they don't actively try to retain it.,What percentage of learned information does the average person forget within a day without retention efforts?,The average person forgets 80% of what they learn within a day if they don't actively try to retain it.
"In ancient Greece, philosophy encompassed a wide range of subjects, including ethics, physics, politics, and metaphysics.",What subjects were included in philosophy in ancient Greece?,"In ancient Greece, philosophy encompassed a wide range of subjects, including ethics, physics, politics, and metaphysics."
"Sharks have been around for over 450 million years, predating trees and dinosaurs.",How long have sharks existed on Earth?,Sharks have been around for over 450 million years.
The concept of 'tabula rasa' or 'blank slate' suggests that individuals are born without innate mental content and that all knowledge comes from experience.,What does the philosophical concept 'tabula rasa' propose about human knowledge?,The concept of 'tabula rasa' suggests that individuals are born without innate mental content and that all knowledge comes from experience.
"Reading just six minutes a day can reduce stress by 68%, more effectively than listening to music or taking a walk.",How much can daily reading reduce stress and how does it compare to other activities?,"Reading just six minutes a day can reduce stress by 68%, more effectively than listening to music or taking a walk."
"The world's oldest university in continuous operation is the University of Bologna, founded in 1088.",Which is the world's oldest continuously operating university and when was it founded?,"The world's oldest university in continuous operation is the University of Bologna, founded in 1088."
"Deontology is an ethical theory that emphasizes duties or rules, suggesting that actions are morally right or wrong independent of their consequences.",What is the main focus of deontology in ethics?,"Deontology is an ethical theory that emphasizes duties or rules, suggesting that actions are morally right or wrong independent of their consequences."
"A group of owls is called a parliament, a fitting name given their perceived wisdom.",What is a group of owls called?,A group of owls is called a parliament.
Critical thinking involves analyzing information objectively and evaluating arguments to form a judgment.,What does critical thinking involve?,Critical thinking involves analyzing information objectively and evaluating arguments to form a judgment.
"Epistemology is the branch of philosophy concerned with the theory of knowledge, its methods, validity, and scope.",What branch of philosophy deals with the theory of knowledge?,"Epistemology is the branch of philosophy concerned with the theory of knowledge, its methods, validity, and scope."
"The average person makes around 35,000 conscious decisions every day.",How many conscious decisions does the average person make daily?,"The average person makes around 35,000 conscious decisions every day."
"In ancient Rome, schools primarily focused on rhetoric, law, and military training for boys from wealthy families.",What was the primary focus of education for wealthy boys in ancient Rome?,"In ancient Rome, schools primarily focused on rhetoric, law, and military training for boys from wealthy families."
"Aesthetics is the branch of philosophy that deals with the nature of art, beauty, and taste.",What does the philosophical branch of aesthetics explore?,"Aesthetics is the branch of philosophy that deals with the nature of art, beauty, and taste."
"It takes approximately 17 muscles to smile and 43 to frown, suggesting smiling is less effortful.",How many muscles does it take to smile versus frown?,It takes approximately 17 muscles to smile and 43 to frown.
"In the Middle Ages, universities emerged from monastic and cathedral schools, offering degrees in theology, law, and medicine.","From what institutions did universities emerge in the Middle Ages, and what subjects did they offer?","In the Middle Ages, universities emerged from monastic and cathedral schools, offering degrees in theology, law, and medicine."
"Metaphysics is the branch of philosophy that examines the fundamental nature of reality, including the relationship between mind and matter.",What is the subject matter of metaphysics?,"Metaphysics is the branch of philosophy that examines the fundamental nature of reality, including the relationship between mind and matter."
The total weight of all ants on Earth is estimated to be greater than the total weight of all humans.,How does the total weight of ants compare to the total weight of humans?,The total weight of all ants on Earth is estimated to be greater than the total weight of all humans.
"Homeschooling has seen a rise in popularity, offering personalized curricula and flexible learning environments.",What are some advantages of homeschooling?,Homeschooling offers personalized curricula and flexible learning environments.
Rationalism is the philosophical belief that reason is the chief source and test of knowledge.,What is the core tenet of rationalism?,Rationalism is the philosophical belief that reason is the chief source and test of knowledge.
"The shortest war in history was between Britain and Zanzibar on August 27, 1896, lasting only 38 minutes.",How long did the shortest war in history last?,The shortest war in history lasted only 38 minutes.
"Project-based learning engages students in real-world problems and challenges, fostering collaboration and problem-solving skills.",What skills does project-based learning foster?,Project-based learning fosters collaboration and problem-solving skills.
Empiricism is the theory that all knowledge is derived from sensory experience.,What is the primary source of knowledge according to empiricism?,Empiricism is the theory that all knowledge is derived from sensory experience.
The sound of thunder is caused by the rapid expansion of air heated by a lightning strike.,What causes the sound of thunder?,The sound of thunder is caused by the rapid expansion of air heated by a lightning strike.
The concept of 'lifelong learning' emphasizes continuous personal and professional development throughout life.,What does 'lifelong learning' emphasize?,'Lifelong learning' emphasizes continuous personal and professional development throughout life.
Dualism in philosophy proposes that mind and body are distinct substances or aspects.,What does dualism propose about mind and body?,Dualism in philosophy proposes that mind and body are distinct substances or aspects.
A group of ravens is called an 'unkindness' or a 'conspiracy'.,What are the collective nouns for ravens?,A group of ravens is called an 'unkindness' or a 'conspiracy'.
Vocational education focuses on practical training and skills needed for specific trades and professions.,What is the main purpose of vocational education?,Vocational education focuses on practical training and skills needed for specific trades and professions.
Skepticism is a philosophical attitude of doubt concerning knowledge or belief.,What is skepticism in philosophy?,Skepticism is a philosophical attitude of doubt concerning knowledge or belief.
"The longest place name in the world is Taumatawhakatangihangakoauauotamateaturipukakapikimaungahoronukupokaiwhenuakitanatahu, located in New Zealand.",Where is the world's longest place name located?,The world's longest place name is located in New Zealand.
"The 'flipped classroom' model reverses traditional teaching, delivering instructional content online outside of class and moving activities into the classroom.",How does the 'flipped classroom' model work?,"The 'flipped classroom' model reverses traditional teaching, delivering instructional content online outside of class and moving activities into the classroom."
Hedonism is the ethical theory that pleasure is the highest good and proper aim of human life.,What is the central tenet of hedonism?,Hedonism is the ethical theory that pleasure is the highest good and proper aim of human life.
"More than half of the world's population lives in cities, a trend known as urbanization.",What is the living trend of more than half of the world's population?,More than half of the world's population lives in cities.
"In ancient Egypt, education was primarily for scribes, priests, and nobles, focusing on hieroglyphics, mathematics, and religious texts.",Who received education in ancient Egypt and what did it focus on?,"In ancient Egypt, education was primarily for scribes, priests, and nobles, focusing on hieroglyphics, mathematics, and religious texts."
Existential dread is a feeling of anxiety or anguish that arises from contemplating the meaninglessness of existence.,What is existential dread?,Existential dread is a feeling of anxiety or anguish that arises from contemplating the meaninglessness of existence.
"The Great Barrier Reef is the largest living structure on Earth, visible from outer space.",What is the largest living structure on Earth?,The Great Barrier Reef is the largest living structure on Earth.
"Collaborative learning encourages students to work together in groups, fostering communication and teamwork skills.",What does collaborative learning promote among students?,"Collaborative learning encourages students to work together in groups, fostering communication and teamwork skills."
Phenomenology is a philosophical approach that studies the structures of experience and consciousness.,What is the focus of phenomenology in philosophy?,Phenomenology is a philosophical approach that studies the structures of experience and consciousness.
Humans share 50% of their DNA with bananas.,What percentage of DNA do humans share with bananas?,Humans share 50% of their DNA with bananas.
"The 'growth mindset' theory suggests that intelligence can be developed through effort and dedication, rather than being fixed.",What does the 'growth mindset' theory propose about intelligence?,"The 'growth mindset' theory suggests that intelligence can be developed through effort and dedication, rather than being fixed."
The Ship of Theseus is a thought experiment that raises the question of whether an object that has had all of its components replaced remains fundamentally the same object.,What philosophical question does the Ship of Theseus thought experiment address?,The Ship of Theseus is a thought experiment that raises the question of whether an object that has had all of its components replaced remains fundamentally the same object.
"The oldest known living organism is a bristlecone pine tree named Methuselah, estimated to be over 4,800 years old.",What is the name and approximate age of the oldest known living organism?,"The oldest known living organism is a bristlecone pine tree named Methuselah, estimated to be over 4,800 years old."
Differentiated instruction tailors teaching methods and content to meet the individual needs of diverse learners in a classroom.,What is the purpose of differentiated instruction?,Differentiated instruction tailors teaching methods and content to meet the individual needs of diverse learners in a classroom.
"The categorical imperative, introduced by Immanuel Kant, states that one should act only according to a maxim whereby one can at the same time will that it should become a universal law.",What is Kant's categorical imperative?,"The categorical imperative, introduced by Immanuel Kant, states that one should act only according to a maxim whereby one can at the same time will that it should become a universal law."
A bolt of lightning is five times hotter than the surface of the sun.,How hot is a bolt of lightning compared to the sun's surface?,A bolt of lightning is five times hotter than the surface of the sun.
"Finland's education system consistently ranks high due to its focus on equity, highly qualified teachers, and minimal standardized testing.",What are some key characteristics of Finland's highly-ranked education system?,"Finland's education system consistently ranks high due to its focus on equity, highly qualified teachers, and minimal standardized testing."
Solipsism is the philosophical idea that only one's own mind is sure to exist.,What is the central concept of solipsism?,Solipsism is the philosophical idea that only one's own mind is sure to exist.
The average person will spend approximately 25 years of their life asleep.,How many years of their life will the average person spend sleeping?,The average person will spend approximately 25 years of their life asleep.
"Experiential learning, often seen in internships and field trips, enhances understanding by directly involving learners in real-world scenarios.",How does experiential learning enhance understanding?,Experiential learning enhances understanding by directly involving learners in real-world scenarios.
Virtue ethics focuses on the character of the moral agent rather than on the moral rules or consequences of actions.,What is the primary focus of virtue ethics?,Virtue ethics focuses on the character of the moral agent rather than on the moral rules or consequences of actions.
"The human nose can remember 50,000 different scents.",How many different scents can the human nose remember?,"The human nose can remember 50,000 different scents."
"In ancient China, education was highly valued for civil service exams, focusing on Confucian classics, poetry, and calligraphy.","What subjects were emphasized in ancient Chinese education, particularly for civil service?","In ancient China, education was highly valued for civil service exams, focusing on Confucian classics, poetry, and calligraphy."
"Determinism is the philosophical doctrine that all events, including human action, are ultimately determined by causes external to the will.",What does determinism assert about events and human action?,"Determinism is the philosophical doctrine that all events, including human action, are ultimately determined by causes external to the will."
A group of pugs is called a 'grumble'.,What is a group of pugs called?,A group of pugs is called a 'grumble'.
Gamification in education applies game-design elements and game principles in non-game contexts to engage students and improve learning.,How does gamification enhance education?,Gamification in education applies game-design elements and game principles in non-game contexts to engage students and improve learning.
"Agnosticism is the view that the existence of God, of the divine or the supernatural is unknown or unknowable.",What is the core belief of agnosticism?,"Agnosticism is the view that the existence of God, of the divine or the supernatural is unknown or unknowable."
The unicorn is the national animal of Scotland.,What is the national animal of Scotland?,The unicorn is the national animal of Scotland.
"Microlearning delivers content in small, digestible chunks, ideal for busy learners and mobile devices.",What are the characteristics and benefits of microlearning?,"Microlearning delivers content in small, digestible chunks, ideal for busy learners and mobile devices."
"The Allegory of the Cave, by Plato, describes prisoners chained in a cave who mistake shadows for reality, illustrating the philosopher's quest for true knowledge.",What does Plato's Allegory of the Cave illustrate?,Plato's Allegory of the Cave illustrates the philosopher's quest for true knowledge by describing prisoners who mistake shadows for reality.
The longest recorded flight of a chicken is 13 seconds.,How long was the longest recorded flight of a chicken?,The longest recorded flight of a chicken is 13 seconds.
"Open educational resources (OER) are freely accessible, openly licensed instructional materials, often available online.",What are open educational resources (OER)?,"Open educational resources (OER) are freely accessible, openly licensed instructional materials, often available online."
Free will is the capacity of agents to choose between different possible courses of action unimpeded.,What is free will in philosophical terms?,Free will is the capacity of agents to choose between different possible courses of action unimpeded.
"It would take 1,200,000 mosquitoes, each sucking once, to completely drain a human of blood.",How many mosquitoes would it take to drain a human of blood?,"It would take 1,200,000 mosquitoes, each sucking once, to completely drain a human of blood."
Personalized learning allows students to learn at their own pace and follow customized learning paths based on their needs and interests.,What are the key features of personalized learning?,Personalized learning allows students to learn at their own pace and follow customized learning paths based on their needs and interests.
Idealism is the philosophical theory that reality is fundamentally mental or mentally constructed.,What is the central concept of idealism in philosophy?,Idealism is the philosophical theory that reality is fundamentally mental or mentally constructed.
The average lifespan of a taste bud is 10 to 14 days.,What is the average lifespan of a taste bud?,The average lifespan of a taste bud is 10 to 14 days.
"In ancient Sparta, education was focused on military training and physical prowess for both boys and girls to create strong citizens and soldiers.",What was the primary focus of education in ancient Sparta and for whom?,"In ancient Sparta, education was focused on military training and physical prowess for both boys and girls to create strong citizens and soldiers."
"Objectivism, primarily associated with Ayn Rand, holds that reality exists independently of consciousness and that reason is man's only means of acquiring knowledge.",What are the key tenets of Objectivism?,Objectivism holds that reality exists independently of consciousness and that reason is man's only means of acquiring knowledge.
"The Earth's atmosphere is made up of roughly 78% nitrogen, 21% oxygen, and tiny amounts of other gases.",What are the main components of Earth's atmosphere?,"The Earth's atmosphere is made up of roughly 78% nitrogen, 21% oxygen, and tiny amounts of other gases."
Inquiry-based learning emphasizes student-led investigations and asking questions to explore topics in depth.,What is the main approach of inquiry-based learning?,Inquiry-based learning emphasizes student-led investigations and asking questions to explore topics in depth.
Consequentialism is an ethical theory that judges the rightness or wrongness of an action based on its outcomes or consequences.,How does consequentialism determine the morality of an action?,Consequentialism is an ethical theory that judges the rightness or wrongness of an action based on its outcomes or consequences.
It takes a sloth two weeks to digest its food.,How long does it take a sloth to digest its food?,It takes a sloth two weeks to digest its food.
"Problem-based learning (PBL) uses complex, real-world problems as a means to promote student learning and critical thinking.",What is the primary method used in problem-based learning?,"Problem-based learning (PBL) uses complex, real-world problems as a means to promote student learning and critical thinking."
The 'veil of ignorance' is a thought experiment proposed by John Rawls to determine the morality of certain issues by imagining oneself in a situation without knowing one's own characteristics.,What is the purpose of John Rawls' 'veil of ignorance' thought experiment?,The 'veil of ignorance' is a thought experiment proposed by John Rawls to determine the morality of certain issues by imagining oneself in a situation without knowing one's own characteristics.
Cows have best friends and get stressed when separated from them.,"Do cows form friendships, and how do they react to separation?",Cows have best friends and get stressed when separated from them.
"Mastery-based learning allows students to progress only after demonstrating proficiency in a topic, ensuring a strong foundation.",What is the key principle of mastery-based learning?,"Mastery-based learning allows students to progress only after demonstrating proficiency in a topic, ensuring a strong foundation."
"The Euthyphro dilemma, from Plato's dialogue, questions whether something is good because God wills it, or whether God wills it because it is good.",What ethical question is posed by the Euthyphro dilemma?,"The Euthyphro dilemma questions whether something is good because God wills it, or whether God wills it because it is good."
The shortest complete sentence in the English language is 'I am.',What is the shortest complete sentence in English?,The shortest complete sentence in the English language is 'I am.'
"In medieval Islamic civilization, universities like Al-Azhar in Cairo were centers of learning in subjects such as theology, law, medicine, and astronomy.",What subjects were taught in medieval Islamic universities?,"In medieval Islamic civilization, universities like Al-Azhar in Cairo were centers of learning in subjects such as theology, law, medicine, and astronomy."
"The concept of 'qualia' refers to the subjective, qualitative properties of experiences, such as the redness of red or the taste of chocolate.",What does the philosophical term 'qualia' refer to?,"The concept of 'qualia' refers to the subjective, qualitative properties of experiences, such as the redness of red or the taste of chocolate."
A newborn panda is smaller than a mouse.,How does the size of a newborn panda compare to a mouse?,A newborn panda is smaller than a mouse.
"Flipped learning is a pedagogical approach in which direct instruction moves from the group learning space to the individual learning space, and the resulting group space is transformed into a dynamic, interactive learning environment.",What is the definition of flipped learning?,"Flipped learning is a pedagogical approach in which direct instruction moves from the group learning space to the individual learning space, and the resulting group space is transformed into a dynamic, interactive learning environment."
"Moral relativism is the view that moral judgments are true or false only relative to some particular standpoint (for instance, that of a culture or a historical period) and that no standpoint is uniquely privileged over all others.",What is the central idea of moral relativism?,Moral relativism is the view that moral judgments are true or false only relative to some particular standpoint and that no standpoint is uniquely privileged over all others.
It is impossible for most people to lick their own elbow.,What is a common physical impossibility for most people?,It is impossible for most people to lick their own elbow.
Blended learning combines online educational materials and opportunities for interaction online with traditional place-based classroom methods.,What characterizes blended learning?,Blended learning combines online educational materials and opportunities for interaction online with traditional place-based classroom methods.
"The simulation hypothesis suggests that our reality could be an artificial simulation, possibly run by an advanced civilization.",What does the simulation hypothesis propose about our reality?,"The simulation hypothesis suggests that our reality could be an artificial simulation, possibly run by an advanced civilization."
"The highest mountain in the solar system is Olympus Mons on Mars, a massive shield volcano.",What is the highest mountain in the solar system and where is it located?,The highest mountain in the solar system is Olympus Mons on Mars.
The Reggio Emilia approach to education emphasizes the importance of a child's environment as the 'third teacher' and focuses on self-guided learning.,What is the role of the environment in the Reggio Emilia approach?,"In the Reggio Emilia approach, the child's environment is considered the 'third teacher'."
"Mind-body problem is a philosophical question concerning the relationship between thought and consciousness in the human mind, and the brain as part of the physical body.",What philosophical problem concerns the relationship between mind and body?,"Mind-body problem is a philosophical question concerning the relationship between thought and consciousness in the human mind, and the brain as part of the physical body."
The only letter in the alphabet that doesn't appear in the name of any U.S. state is 'Q'.,Which letter of the alphabet does not appear in any U.S. state name?,The only letter in the alphabet that doesn't appear in the name of any U.S. state is 'Q'.
Constructivism in education asserts that learners construct their own understanding and knowledge of the world through experiencing things and reflecting on those experiences.,What is the main idea behind constructivism in education?,Constructivism in education asserts that learners construct their own understanding and knowledge of the world through experiencing things and reflecting on those experiences.
"The problem of evil questions how an omnipotent, omnibenevolent, and omniscient God can exist given the existence of evil in the world.",What does the problem of evil question?,"The problem of evil questions how an omnipotent, omnibenevolent, and omniscient God can exist given the existence of evil in the world."
The longest time a person has gone without sleep is 11 days and 25 minutes.,What is the longest recorded time a person has stayed awake?,The longest time a person has gone without sleep is 11 days and 25 minutes.
The concept of 'zone of proximal development' (ZPD) by Vygotsky describes the range of tasks that a learner can do with guidance but cannot yet do independently.,What does Vygotsky's 'zone of proximal development' refer to?,The 'zone of proximal development' (ZPD) describes the range of tasks that a learner can do with guidance but cannot yet do independently.
"The prisoner's dilemma is a classic game theory problem demonstrating why two rational individuals might not cooperate, even if it is in their best interest to do so.",What does the prisoner's dilemma illustrate?,"The prisoner's dilemma is a classic game theory problem demonstrating why two rational individuals might not cooperate, even if it is in their best interest to do so."
Butterflies taste with their feet.,How do butterflies taste?,Butterflies taste with their feet.
"The 'school of fish' analogy in learning refers to a group of learners moving and learning together, often following a leader or instructor.",What does the 'school of fish' analogy represent in a learning context?,"The 'school of fish' analogy in learning refers to a group of learners moving and learning together, often following a leader or instructor."
"The infinite regress argument is a philosophical argument holding that a premise cannot be justified if it depends on a premise that itself stands in need of justification, and so on, infinitely.",What does the infinite regress argument explain?,"The infinite regress argument holds that a premise cannot be justified if it depends on a premise that itself stands in need of justification, and so on, infinitely."
"The human brain generates about 20 watts of electrical power when awake, enough to light a dim bulb.",How much electrical power does the human brain generate when awake?,The human brain generates about 20 watts of electrical power when awake.
Scaffolding in education is a teaching method that involves providing temporary support to students to help them master a new task.,What is scaffolding in education?,Scaffolding in education is a teaching method that involves providing temporary support to students to help them master a new task.
"The Socratic paradox, 'I know that I know nothing,' highlights the importance of intellectual humility and the continuous pursuit of knowledge.",What does the Socratic paradox 'I know that I know nothing' imply?,"The Socratic paradox, 'I know that I know nothing,' highlights the importance of intellectual humility and the continuous pursuit of knowledge."
A snail can sleep for three years.,How long can a snail sleep?,A snail can sleep for three years.
Distance learning uses technology to deliver education to students who are not physically present in a traditional classroom setting.,What is distance learning?,Distance learning uses technology to deliver education to students who are not physically present in a traditional classroom setting.
The 'Trolley Problem' is a thought experiment in ethics about a hypothetical scenario where one must choose between sacrificing one person to save a larger number of people.,What ethical dilemma does the 'Trolley Problem' present?,The 'Trolley Problem' is a thought experiment in ethics about a hypothetical scenario where one must choose between sacrificing one person to save a larger number of people.
The average person laughs 15 times a day.,How many times does the average person laugh daily?,The average person laughs 15 times a day.
"Early childhood education focuses on holistic development, including cognitive, social, emotional, and physical growth, for children from birth through age eight.",What areas of development does early childhood education focus on?,"Early childhood education focuses on holistic development, including cognitive, social, emotional, and physical growth, for children from birth through age eight."
The problem of induction questions the justification for believing that the future will resemble the past.,What philosophical problem concerns the justification of predicting future events based on past experiences?,The problem of induction questions the justification for believing that the future will resemble the past.
Octopuses have three hearts.,How many hearts does an octopus have?,Octopuses have three hearts.
"Inclusive education aims to integrate students with disabilities into general education classrooms, providing necessary support and accommodations.",What is the goal of inclusive education?,"Inclusive education aims to integrate students with disabilities into general education classrooms, providing necessary support and accommodations."
The 'Myth of Sisyphus' by Albert Camus describes the human condition of finding meaning and rebellion in a meaningless existence.,What philosophical concept does the 'Myth of Sisyphus' by Albert Camus explore?,The 'Myth of Sisyphus' by Albert Camus describes the human condition of finding meaning and rebellion in a meaningless existence.
"The Earth is not a perfect sphere; it's an oblate spheroid, bulging at the equator and flattened at the poles.",What is the true shape of the Earth?,"The Earth is not a perfect sphere; it's an oblate spheroid, bulging at the equator and flattened at the poles."
Flipped learning aims to maximize in-class time for interactive activities and personalized guidance by shifting direct instruction outside the classroom.,What is the aim of flipped learning regarding in-class time?,Flipped learning aims to maximize in-class time for interactive activities and personalized guidance by shifting direct instruction outside the classroom.
Compatibilism is the belief that free will and determinism are mutually compatible and that it is possible to believe in both without logical inconsistency.,What is compatibilism?,Compatibilism is the belief that free will and determinism are mutually compatible and that it is possible to believe in both without logical inconsistency.
"The total amount of gold ever mined is about 197,576 tons, which would fit into a cube roughly 22 meters wide.","How much gold has been mined in total, and what size cube would it fit into?","The total amount of gold ever mined is about 197,576 tons, which would fit into a cube roughly 22 meters wide."
"Andragogy is the method and practice of teaching adult learners, focusing on their self-direction and experience.",What is andragogy?,"Andragogy is the method and practice of teaching adult learners, focusing on their self-direction and experience."
"The 'brain in a vat' thought experiment explores radical skepticism, questioning whether we can truly know if our experiences are real or simulated.",What does the 'brain in a vat' thought experiment examine?,"The 'brain in a vat' thought experiment explores radical skepticism, questioning whether we can truly know if our experiences are real or simulated."
There are more possible iterations of a game of chess than there are atoms in the observable universe.,How does the number of chess game iterations compare to the number of atoms in the observable universe?,There are more possible iterations of a game of chess than there are atoms in the observable universe.
"The Trivium (grammar, logic, rhetoric) and Quadrivium (arithmetic, geometry, music, astronomy) formed the core of liberal arts education in medieval universities.",What subjects comprised the Trivium and Quadrivium in medieval liberal arts education?,"The Trivium (grammar, logic, rhetoric) and Quadrivium (arithmetic, geometry, music, astronomy) formed the core of liberal arts education in medieval universities."
"Nihilism is the philosophical position which argues that life is without objective meaning, purpose, or intrinsic value.",What does philosophical nihilism argue about life?,"Nihilism is the philosophical position which argues that life is without objective meaning, purpose, or intrinsic value."
The sun is so large that approximately 1.3 million Earths could fit inside it.,How many Earths could fit inside the sun?,Approximately 1.3 million Earths could fit inside the sun.
"The concept of 'learning styles' suggests that individuals learn best through specific modalities (e.g., visual, auditory, kinesthetic), though this theory has been widely debated.",What does the concept of 'learning styles' propose?,"The concept of 'learning styles' suggests that individuals learn best through specific modalities (e.g., visual, auditory, kinesthetic)."
"Moral skepticism is a class of metaethical theories, the members of which all imply that no one has any moral knowledge.",What does moral skepticism imply about moral knowledge?,Moral skepticism implies that no one has any moral knowledge.
It is estimated that around 10% of the world's population is left-handed.,What percentage of the world's population is estimated to be left-handed?,Around 10% of the world's population is estimated to be left-handed.
"The concept of 'ungrading' in education involves moving away from traditional letter grades to focus on feedback, self-assessment, and narrative evaluations.",What is 'ungrading' in the context of education?,"The concept of 'ungrading' in education involves moving away from traditional letter grades to focus on feedback, self-assessment, and narrative evaluations."
Pessimism is a mental attitude in which one habitually sees an unfavorable outcome to events or anticipates the worst possible outcome.,What defines a pessimistic mental attitude?,Pessimism is a mental attitude in which one habitually sees an unfavorable outcome to events or anticipates the worst possible outcome.
The average adult human body contains approximately 100 trillion cells.,How many cells does the average adult human body contain?,The average adult human body contains approximately 100 trillion cells.
"Neuroeducation is an emerging field that combines neuroscience, psychology, and education to understand how the brain learns and to develop more effective teaching strategies.",What fields does neuroeducation combine and for what purpose?,"Neuroeducation combines neuroscience, psychology, and education to understand how the brain learns and to develop more effective teaching strategies."
Optimism is a mental attitude characterized by hope and confidence in success and a positive future.,How is optimism characterized?,Optimism is a mental attitude characterized by hope and confidence in success and a positive future.
"The world's quietest room, an anechoic chamber at Microsoft's headquarters, measures background noise at -20.35 dBA.",Where is the world's quietest room located and what is its noise level?,The world's quietest room is located at Microsoft's headquarters and measures background noise at -20.35 dBA.
